"year","state","n_jobs","population","jobs_per_cap","jobs_per_10k","log_jobs_per_10k","jobs_pct"
2023,"Illinois",3248571,12642259,0.256961275670748,2569.61275670748,7.85151048821221,0.56
2022,"Massachusetts",2824396,7022468,0.402194214341739,4021.94214341739,8.29952018520113,0.96
2024,"South Carolina",1482764,5478831,0.270635104459327,2706.35104459327,7.90335652854782,0.62
2023,"Kentucky",986753,4550595,0.216840435151887,2168.40435151887,7.68174685417206,0.24
2024,"Ohio",2971779,11883304,0.250080196551397,2500.80196551397,7.82436674562098,0.48
2022,"Tennessee",2119877,7062217,0.300171603336459,3001.71603336459,8.00693941523578,0.48
2024,"Massachusetts",2190307,7136171,0.306930285162729,3069.30285162729,8.02920573063324,0.82
2022,"Pennsylvania",3891887,12984990,0.299721986693867,2997.21986693867,8.00544042696768,0.44
2022,"California",10150376,39142414,0.259319110977672,2593.19110977672,7.86064448501204,0.26
2021,"California",7501635,39142565,0.19164903986236,1916.4903986236,7.55825087495865,0.28
2021,"Georgia",2285240,10792060,0.211751973209934,2117.51973209934,7.65800074506572,0.42
2024,"New York",3974221,19867248,0.200038827722893,2000.38827722893,7.60109657931409,0.1
2021,"Texas",5566182,29570351,0.188235236030847,1882.35236030847,7.54027752913948,0.26
2021,"Missouri",1439121,6171374,0.233192964808161,2331.92964808161,7.75445137895426,0.68
2024,"Georgia",2564084,11180878,0.229327607366792,2293.27607366792,7.73773667407022,0.3
2024,"Louisiana",1094497,4597740,0.238051085968324,2380.51085968324,7.77507039055789,0.32
2023,"Utah",791842,3443222,0.22997123043475,2299.7123043475,7.74053930902715,0.3
2023,"California",7508546,39198693,0.191550927476077,1915.50927476077,7.55773880608188,0.04
2022,"Utah",1054999,3391011,0.311116360283113,3111.16360283113,8.04275208401736,0.6
2022,"Washington",2556689,7794123,0.328027797354494,3280.27797354494,8.09568344581927,0.78
2022,"Texas",7809357,30113488,0.259330868612762,2593.30868612763,7.86068982439527,0.28
2021,"Kansas",679493,2938338,0.231250795517738,2312.50795517738,7.74608790945737,0.66
2021,"New Hampshire",395561,1387677,0.285052645536389,2850.52645536389,7.95525897738415,0.96
2023,"Alabama",1011378,5117673,0.197624584454693,1976.24584454693,7.58895428582542,0.1
2024,"California",7449422,39431263,0.188921719296691,1889.21719296691,7.54391783864057,0.02
2023,"Washington",1917184,7857320,0.243999735278696,2439.99735278696,7.79975223336328,0.38
2022,"Oregon",1358042,4247372,0.319737004434742,3197.37004434742,8.07008388973336,0.72
2023,"North Dakota",304400,789047,0.385781835556057,3857.81835556057,8.25785710981723,0.98
2022,"Kansas",929402,2937324,0.316411127951836,3164.11127951836,8.05962749878689,0.66
2021,"New York",3636009,19848276,0.183190167246767,1831.90167246767,7.51310987155987,0.2
2022,"Missouri",2019422,6179414,0.326798301586526,3267.98301586526,8.09192825886274,0.74
2022,"Wisconsin",2056032,5903975,0.348245377055289,3482.45377055289,8.15549243077845,0.86
2022,"Connecticut",1102197,3617925,0.304648935508613,3046.48935508613,8.02174517553708,0.56
2022,"New York",4954288,19703747,0.251438876067582,2514.38876067582,7.8297850154908,0.18
2022,"Indiana",2124976,6844545,0.310462711546202,3104.62711546202,8.04064889551736,0.58
2024,"Tennessee",1723638,7227750,0.238475044100861,2384.75044100861,7.77684976095396,0.34
2024,"Virginia",2474042,8811195,0.280783934528744,2807.83934528744,7.94017055029224,0.7
2024,"Washington",2017434,7958180,0.253504444483538,2535.04444483538,7.83796644835103,0.5
2024,"New Jersey",2014832,9500851,0.212068582067017,2120.68582067017,7.65949481566723,0.16
2021,"Pennsylvania",2922222,13015571,0.22451738767358,2245.1738767358,7.71653824783903,0.62
2022,"Iowa",1049640,3202820,0.327723693495107,3277.23693495107,8.09475594848093,0.76
2018,"Georgia",200863,10519389,0.0190945500732029,190.945500732029,5.25198805084891,0.42
2021,"Illinois",3001989,12700641,0.236365156687761,2363.65156687761,7.76796297632509,0.74
2023,"New York",3946087,19737367,0.199929757601407,1999.29757601407,7.60055118585974,0.14
2022,"Alabama",1119764,5076181,0.220591818928442,2205.91818928442,7.69889911357926,0.08
2020,"Florida",1131013,21592035,0.0523810284672102,523.810284672103,6.26112956661186,0.22
2022,"New Jersey",2589926,9295227,0.27862966660201,2786.2966660201,7.93246863324357,0.34
2023,"Mississippi",483287,2943172,0.164206169398187,1642.06169398187,7.4037078617681,0
2023,"New Hampshire",533173,1402199,0.380240607788196,3802.40607788196,8.24338932373161,0.96
2023,"New Jersey",2178129,9379642,0.232218777646311,2322.18777646311,7.75026502740466,0.34
2024,"Minnesota",1560538,5793151,0.269376372202278,2693.76372202278,7.89869464786146,0.58
2024,"North Carolina",2728137,11046024,0.246979094016091,2469.79094016091,7.81188878642892,0.42
2024,"Illinois",3164183,12710158,0.248949147603043,2489.49147603043,7.81983374210788,0.46
2024,"Iowa",967343,3241488,0.298425599601171,2984.25599601171,8.0011057471921,0.8
2022,"Illinois",3995874,12621821,0.316584587913265,3165.84587913265,8.06017555926005,0.68
2023,"Texas",6378007,30727890,0.207564105442971,2075.64105442971,7.63802532684591,0.18
2022,"Ohio",3717805,11777874,0.315660109795707,3156.60109795707,8.05725112579377,0.64
2021,"Virginia",2091294,8658910,0.241519313631854,2415.19313631854,7.78953453651982,0.84
2018,"Virginia",192356,8510920,0.022601081904189,226.01081904189,5.42058286999323,0.82
2022,"North Carolina",3340337,10710793,0.311866450971464,3118.66450971464,8.04516014740938,0.62
2023,"Colorado",1754253,5901339,0.297263553237664,2972.63553237664,7.99720422294236,0.86
2022,"Maine",440432,1390922,0.316647518696232,3166.47518696232,8.06037431981725,0.7
2024,"Connecticut",881219,3675069,0.239782980945392,2397.82980945392,7.78231936119808,0.36
2023,"Ohio",3061183,11824034,0.258894976113905,2588.94976113905,7.85900757482748,0.6
2018,"Texas",488711,28624564,0.0170731334108705,170.731334108705,5.14009117539602,0.24
2021,"Arkansas",508925,3026870,0.168135730969615,1681.35730969615,7.42735666864184,0.1
2020,"New Jersey",529516,9272794,0.0571042557399636,571.042557399636,6.34746373822656,0.32
2021,"Oklahoma",721559,3992238,0.180740476895416,1807.40476895416,7.49964726603589,0.16
2021,"Ohio",2683691,11767344,0.228062594243867,2280.62594243867,7.73220522042764,0.64
2024,"Florida",4445330,23372215,0.190197206383734,1901.97206383734,7.55064655521479,0.06
2021,"Florida",4218680,21831949,0.193234236668472,1932.34236668471,7.56648820750185,0.32
2021,"Minnesota",1527381,5718660,0.267087219733294,2670.87219733294,7.89016036371845,0.92
2023,"Minnesota",1712591,5753048,0.297684114577177,2976.84114577177,7.99861799908543,0.88
2024,"Idaho",423287,2001619,0.211472313162495,2114.72313162495,7.65667917587818,0.14
2024,"Indiana",1874542,6924275,0.270720328120995,2707.20328120995,7.90367138144203,0.64
2022,"Rhode Island",331500,1099498,0.301501230561584,3015.01230561584,8.01135919061758,0.5
2021,"Oregon",995241,4254280,0.233938762845887,2339.38762845887,7.75764447686325,0.7
2018,"South Carolina",97689,5091702,0.0191859225068553,191.859225068553,5.25676190033522,0.44
2021,"Indiana",1513243,6815907,0.222016380211761,2220.1638021176,7.70533625688202,0.58
2020,"California",2103660,39521958,0.0532276260199457,532.276260199457,6.27716264064849,0.26
2019,"Arkansas",20438,3020985,0.00676534309173995,67.6534309173995,4.21439806903515,0.02
2024,"Texas",6325562,31290831,0.202153851394998,2021.53851394998,7.61161414106356,0.12
2020,"Alabama",234481,5033094,0.0465878443756465,465.878443756465,6.14392474979027,0.14
2020,"Pennsylvania",841456,12996143,0.0647465944319018,647.465944319018,6.47306619654419,0.68
2023,"Virginia",2461006,8734685,0.281750973274938,2817.50973274938,7.94360870029994,0.7
2023,"Wisconsin",1741498,5930405,0.293655829576563,2936.55829576564,7.98499352689072,0.78
2021,"Tennessee",1467263,6965740,0.210639932010095,2106.39932010095,7.6527352854043,0.38
2023,"Pennsylvania",3303431,13017721,0.253764157335988,2537.64157335988,7.8389904142508,0.52
2023,"Michigan",2204896,10083356,0.218666880352137,2186.66880352137,7.69013457048969,0.26
2018,"Utah",67035,3155153,0.0212461963017324,212.461963017324,5.35876297477696,0.7
2024,"Kentucky",983112,4588372,0.214261616102618,2142.61616102618,7.66978286651735,0.18
2020,"North Carolina",652275,10449652,0.0624207389872888,624.207389872888,6.43648266871708,0.56
2024,"Alabama",1030259,5157699,0.199751672208867,1997.51672208867,7.59966004911411,0.08
2020,"Texas",1515021,29239570,0.0518140656651244,518.140656651243,6.25024674333649,0.2
2020,"Wisconsin",412761,5897375,0.0699906314249984,699.906314249984,6.55094648930073,0.86
2021,"District of Columbia",423855,669256,0.633322674731344,6333.22674731344,8.75356513996729,1
2019,"California",377796,39437610,0.00957958659259524,95.7958659259524,4.56221953087192,0.36
2023,"Iowa",951728,3218414,0.295713354465895,2957.13354465895,7.99197568104404,0.84
2022,"Georgia",3127624,10931805,0.286103164116081,2861.03164116081,7.95893755246495,0.38
2021,"North Carolina",2351617,10564320,0.222599940175989,2225.99940175989,7.70796126308428,0.6
2022,"North Dakota",309702,781057,0.396516515439974,3965.16515439974,8.28530278626573,0.94
2024,"Maryland",1529588,6263220,0.244217511120478,2442.17511120478,7.80064436020981,0.4
2023,"Massachusetts",2322213,7066568,0.328619635443967,3286.19635443967,8.09748605166274,0.92
2022,"Mississippi",521605,2941939,0.177299733271152,1772.99733271152,7.48042680168025,0
2023,"Florida",4688341,22904868,0.204687536291412,2046.87536291412,7.62406969612516,0.16
2023,"Missouri",1683336,6208038,0.271154268063436,2711.54268063436,7.9052730067563,0.66
2021,"New Jersey",1959836,9270541,0.211404706586164,2114.04706586164,7.65635943007148,0.4
2023,"New Mexico",527912,2121164,0.248878445985317,2488.78445985318,7.81954970153194,0.42
2021,"Alabama",807164,5049196,0.159859906408862,1598.59906408862,7.37688293973486,0.06
2020,"Delaware",67813,991928,0.0683648409965239,683.648409965239,6.52744376495006,0.8
2024,"Oklahoma",905511,4095393,0.221104787745645,2211.04787745645,7.70122183483216,0.26
2020,"Connecticut",213922,3579918,0.0597561173188883,597.561173188883,6.39285666047108,0.48
2021,"Wisconsin",1450968,5881608,0.246695801556309,2466.95801556309,7.81074109796666,0.86
2024,"Missouri",1685087,6245466,0.269809650713013,2698.09650713013,7.90030180600571,0.6
2022,"Maryland",1871197,6192440,0.302174425589913,3021.74425589913,8.01358951181913,0.52
2017,"Illinois",171931,12779893,0.0134532425271479,134.532425271479,4.90180525007211,0.46
2022,"Florida",5758743,22379312,0.257324398533789,2573.24398533789,7.85292263302432,0.24
2022,"Wyoming",174505,581978,0.299848104223871,2998.48104223871,8.00586112017361,0.46
2021,"Kentucky",838263,4507583,0.1859672911181,1859.672911181,7.52815589703932,0.22
2024,"New Mexico",626505,2130256,0.294098455772452,2940.98455772452,7.9864996878515,0.78
2022,"Louisiana",880775,4593687,0.19173596285511,1917.3596285511,7.55870432511253,0.04
2023,"Oregon",1130785,4253653,0.265838562760056,2658.38562760056,7.88547431061611,0.64
2023,"Connecticut",922113,3643023,0.253117534531075,2531.17534531075,7.83643903720935,0.5
2019,"Missouri",64468,6140475,0.010498862058717,104.98862058717,4.6538519689242,0.64
2020,"Idaho",107650,1849415,0.0582075953747536,582.075953747536,6.36660094393729,0.38
2024,"District of Columbia",434863,702250,0.61924243503026,6192.4243503026,8.73108194494696,1
2022,"West Virginia",413007,1774122,0.232795151629933,2327.95151629933,7.75274398230255,0.1
2021,"New Mexico",384340,2117333,0.181520809433377,1815.20809433377,7.50395539265234,0.18
2022,"Arizona",2155517,7377566,0.292171835534918,2921.71835534918,7.97992720003644,0.42
2023,"North Carolina",2711837,10881189,0.249222488461509,2492.22488461509,7.82093111845815,0.44
2022,"Colorado",2185864,5850935,0.373592254913104,3735.92254913104,8.2257500681732,0.92
2024,"Kansas",838244,2970606,0.282179461025797,2821.79461025797,7.94512834814037,0.72
2017,"Wisconsin",78856,5793147,0.0136119452863875,136.119452863875,4.91353283011151,0.5
2024,"Wisconsin",1673176,5960975,0.280688310217708,2806.88310217708,7.939829930385,0.68
2022,"Nebraska",674176,1972246,0.341831597072576,3418.31597072576,8.13690330256436,0.84
2022,"Arkansas",665369,3047704,0.218318117507474,2183.18117507474,7.68853834672721,0.06
2021,"Arizona",1590800,7274078,0.21869438298572,2186.9438298572,7.69026033669682,0.52
2020,"Washington",515557,7727209,0.0667196914176904,667.196914176904,6.50308522599923,0.72
2024,"Wyoming",195831,587618,0.333262425589414,3332.62425589414,8.11151533744752,0.86
2020,"Nebraska",136084,1963387,0.0693108388718067,693.108388718067,6.54118639203648,0.84
2023,"Indiana",1798075,6880131,0.261343134309507,2613.43134309507,7.86841932770845,0.62
2020,"Missouri",390551,6154744,0.0634552793747392,634.552793747392,6.45292048896871,0.6
2023,"Arizona",1727636,7473027,0.231182892822413,2311.82892822413,7.74579423407201,0.32
2023,"South Carolina",1328334,5387830,0.246543413582092,2465.43413582091,7.81012319097797,0.4
2020,"Iowa",215511,3191141,0.0675341515777585,675.341515777586,6.51521851222346,0.74
2020,"New York",930872,20105171,0.0463001284594894,463.001284594894,6.1377298285854,0.1
2022,"District of Columbia",602770,676725,0.890716317558831,8907.16317558831,9.0946110831909,1
2020,"Ohio",754327,11798905,0.0639319496173586,639.319496173586,6.46040432343405,0.62
2019,"Iowa",35607,3159596,0.0112694787561448,112.694787561448,4.72468316941223,0.78
2021,"Massachusetts",2080312,7000474,0.297167306099558,2971.67306099558,7.99688039339201,0.98
2024,"Arizona",1703369,7582384,0.224648210905699,2246.48210905699,7.71712076455996,0.28
2024,"Colorado",1693193,5957493,0.284212335625069,2842.12335625069,7.95230671244791,0.74
2021,"Michigan",1982540,10041351,0.197437575879979,1974.37575879979,7.58800755588032,0.34
2018,"Oregon",95798,4183538,0.0228988000108999,228.988000108999,5.4336696009105,0.84
2022,"Idaho",483059,1944299,0.24844892683687,2484.4892683687,7.81782239160004,0.16
2020,"Massachusetts",581854,6994598,0.0831861959758088,831.861959758088,6.7236665133037,0.96
2023,"Nevada",635333,3214363,0.197654403065242,1976.54403065242,7.58910515957053,0.12
2024,"Arkansas",670368,3088354,0.217063199361213,2170.63199361213,7.6827736454279,0.22
2022,"Vermont",234866,648142,0.362368123034767,3623.68123034767,8.19524570257326,0.88
2021,"Washington",1869365,7743760,0.241402755250679,2414.02755250679,7.78905181522399,0.82
2018,"Montana",17172,1061818,0.0161722630431957,161.722630431957,5.08588270998754,0.12
2017,"Ohio",145494,11665706,0.0124719412609918,124.719412609918,4.82606651506812,0.28
2023,"Montana",348198,1131302,0.3077851891007,3077.851891007,8.03198719465987,0.9
2022,"New Hampshire",563786,1396678,0.403662118254888,4036.62118254888,8.30316328007373,0.98
2021,"Utah",787954,3339738,0.235932878567121,2359.32878567121,7.76613244471547,0.72
2020,"Utah",222773,3284077,0.0678342803777134,678.342803777134,6.51965277045334,0.76
2023,"Tennessee",1782495,7148304,0.249359148687577,2493.59148687577,7.82147931445779,0.46
2023,"Georgia",2588680,11064432,0.233964111307295,2339.64111307295,7.75775282610765,0.36
2017,"Massachusetts",132161,6863560,0.0192554592660369,192.554592660369,5.26037971175714,0.9
2023,"Delaware",265213,1036423,0.255892622992736,2558.92622992736,7.84734300804882,0.54
2020,"Oregon",263686,4243779,0.062134715309162,621.347153091619,6.43188994843032,0.52
2018,"Tennessee",125358,6778180,0.0184943450896848,184.943450896848,5.22005010752363,0.38
2020,"New Hampshire",118850,1378756,0.0862008941393546,862.008941393546,6.75926564345624,0.98
2022,"Minnesota",2075010,5721621,0.362661210870136,3626.61210870136,8.19605418807206,0.9
2022,"Montana",325806,1122095,0.290355094711232,2903.55094711232,7.97368973145076,0.4
2022,"Virginia",2864470,8683414,0.329878317445189,3298.78317445189,8.10130894444052,0.82
2022,"Michigan",2663692,10050877,0.265020853404136,2650.20853404136,7.88239360797529,0.32
2023,"Arkansas",600926,3069463,0.195775612867788,1957.75612867788,7.57955426409627,0.06
2024,"South Dakota",315724,924669,0.341445425335985,3414.45425335985,8.13577295055472,0.88
2021,"Vermont",168614,647210,0.260524404752708,2605.24404752708,7.8652816340708,0.9
2024,"West Virginia",459434,1769979,0.259570311286179,2595.70311286179,7.8616127079796,0.52
2020,"Georgia",610466,10732888,0.0568780741958735,568.780741958735,6.34349502059999,0.3
2017,"North Carolina",130652,10275758,0.0127145851430133,127.145851430133,4.84533486396764,0.34
2018,"Ohio",247137,11680892,0.0211573739402778,211.573739402779,5.35457358738069,0.68
2021,"Maryland",1363269,6179403,0.220615001157879,2206.15001157879,7.69900419912374,0.56
2020,"Wyoming",37383,577681,0.0647121854449082,647.121854449082,6.47253461440142,0.66
2024,"Oregon",1130836,4272371,0.264685814972529,2646.85814972529,7.88112861171873,0.56
2017,"Texas",286860,28291024,0.010139611772271,101.39611772271,4.61903480366584,0.08
2022,"Nevada",767648,3176116,0.241693943168323,2416.93943168323,7.79025732109418,0.12
2021,"Louisiana",638873,4627971,0.138046024921072,1380.46024921072,7.23017223646866,0.04
2023,"Idaho",409577,1971122,0.207788761933559,2077.88761933559,7.63910708903003,0.2
2024,"Delaware",292476,1051917,0.278040948097616,2780.40948097616,7.93035349115296,0.66
2024,"Mississippi",524769,2943045,0.17830818081273,1783.0818081273,7.48609849910295,0
2023,"Louisiana",856220,4588071,0.186618733668245,1866.18733668245,7.53165277116038,0.02
2021,"Colorado",1567232,5814036,0.269560078403367,2695.60078403367,7.89937638392885,0.94
2024,"Michigan",2194689,10140459,0.216428960464216,2164.28960464216,7.67984745940502,0.2
2020,"Arizona",449311,7187135,0.0625160095086568,625.160095086568,6.43800776907355,0.58
2024,"Pennsylvania",3244260,13078751,0.248055796765303,2480.55796765303,7.81623880081012,0.44
2024,"Utah",760650,3503613,0.217104457598485,2171.04457598485,7.68296370213404,0.24
2017,"Georgia",131963,10417031,0.0126680049238598,126.680049238598,4.84166461035522,0.3
2024,"Nevada",620486,3267467,0.189898168826189,1898.98168826189,7.54907306793372,0.04
2021,"Connecticut",773750,3606607,0.214536820895651,2145.36820895651,7.67106647581755,0.46
2022,"South Carolina",1504125,5287935,0.284444683983445,2844.44683983445,7.95312389526038,0.36
2021,"Mississippi",403188,2947209,0.136803328165732,1368.03328165732,7.22112942658343,0.02
2018,"Maryland",132239,6042153,0.0218860727293731,218.860727293731,5.38843557908507,0.8
2023,"Maryland",1601802,6217062,0.257646135747078,2576.46135747078,7.85417216958508,0.58
2019,"Arizona",64638,7291843,0.00886442563286127,88.6442563286127,4.48463123999385,0.2
2018,"Wisconsin",143767,5809319,0.0247476511446522,247.476511446522,5.51131567425877,0.9
2018,"California",684478,39437463,0.0173560353007494,173.560353007494,5.15652539485004,0.26
2019,"Texas",256812,28986794,0.00885962069485849,88.5962069485849,4.48408904573057,0.18
2023,"Alaska",209109,736510,0.283918751951773,2839.18751951773,7.95127320554837,0.74
2020,"Virginia",622506,8637615,0.0720691996575444,720.691996575444,6.58021185679789,0.9
2019,"Florida",193345,21492056,0.00899611465743436,89.9611465743436,4.49937787238943,0.28
2022,"Hawaii",272341,1440359,0.18907855610997,1890.7855610997,7.54474766249247,0.02
2021,"Wyoming",127405,579636,0.219801737642244,2198.01737642244,7.69531104049303,0.54
2021,"Iowa",763185,3198613,0.238598730137094,2385.98730137094,7.77736828050243,0.78
2021,"Rhode Island",238158,1097246,0.217050688724315,2170.50688724315,7.68271600784825,0.48
2020,"West Virginia",82952,1791646,0.0462993247550018,462.993247550018,6.13771246985465,0.08
2019,"Nevada",28172,3090771,0.00911487780880563,91.1487780880563,4.51249309552803,0.3
2017,"Nevada",38670,2972097,0.0130110154547446,130.110154547446,4.86838143433611,0.36
2021,"Nebraska",469109,1964537,0.238788579700968,2387.88579700968,7.77816364967111,0.8
2020,"Vermont",45085,642977,0.0701191488964613,701.191488964613,6.55278101515912,0.88
2019,"Mississippi",17561,2978227,0.00589646121669033,58.9646121669033,4.07693747017617,0
2017,"California",438024,39337785,0.011134943159611,111.34943159611,4.71267328903036,0.14
2020,"Colorado",450524,5787129,0.0778493100810436,778.493100810436,6.65736012907735,0.94
2017,"New York",228413,19593849,0.011657382885823,116.57382885823,4.75852479639241,0.2
2022,"South Dakota",275169,909723,0.302475588723161,3024.75588723161,8.01458566877282,0.54
2018,"Arizona",126326,7164228,0.0176328838222346,176.328838222346,5.17235065074246,0.32
2019,"North Dakota",10397,763724,0.0136135567299181,136.135567299181,4.91365120761886,0.92
2023,"Kansas",809424,2951500,0.274241572081992,2742.41572081992,7.91659446089138,0.68
2017,"New Jersey",119231,8888147,0.0134146071166465,134.146071166465,4.89892928957333,0.42
2018,"Florida",374961,21254926,0.017641134106983,176.41134106983,5.17281843328515,0.34
2017,"Pennsylvania",162593,12794679,0.012707860822456,127.07860822456,4.84480585737848,0.32
2019,"Georgia",101683,10628020,0.00956744530025348,95.6744530025348,4.5609513140499,0.34
2021,"Hawaii",160570,1447029,0.110965295097749,1109.65295097749,7.01180258864202,0
2018,"Kansas",59284,2912748,0.0203532883723549,203.532883723549,5.31582758260738,0.62
2024,"North Dakota",332960,796568,0.417993190788483,4179.93190788483,8.33805023540641,0.98
2020,"Michigan",579042,10072703,0.0574862576609278,574.862576609278,6.35413101503171,0.34
2022,"Oklahoma",975341,4026229,0.242246777319422,2422.46777319422,7.79254204055743,0.14
2019,"Ohio",119963,11696507,0.0102563098538735,102.563098538735,4.63047820467713,0.54
2020,"Louisiana",183672,4652301,0.0394798186961678,394.798186961678,5.97837471525313,0.04
2023,"Oklahoma",866234,4063882,0.213154318949221,2131.54318949221,7.66460149848753,0.22
2018,"District of Columbia",42692,704147,0.0606293856254447,606.293856254447,6.40736477984879,1
2022,"Kentucky",1142573,4519233,0.252824539031291,2528.24539031291,7.83528081950876,0.2
2023,"South Dakota",271546,918305,0.295703497204088,2957.03497204088,7.9919423466479,0.82
2024,"Hawaii",348439,1446146,0.24094316894698,2409.4316894698,7.78714618517832,0.38
2023,"West Virginia",405511,1770495,0.229038206829164,2290.38206829164,7.73647392468045,0.28
2018,"Illinois",277376,12724685,0.0217982606249192,217.982606249192,5.38441527175813,0.78
2020,"Indiana",423314,6790497,0.0623391778245392,623.391778245392,6.43517517867615,0.54
2023,"Wyoming",165701,585067,0.283217135815214,2832.17135815214,7.94879896080517,0.72
2024,"Vermont",263749,648493,0.406710635272856,4067.10635272856,8.31068705573216,0.96
2020,"Tennessee",410643,6927904,0.0592737716919865,592.737716919865,6.38475200253741,0.4
2017,"Florida",237182,20977089,0.0113067165801699,113.067165801699,4.72798202975964,0.16
2024,"Alaska",253258,740133,0.342179040794019,3421.79040794019,8.13791920416615,0.9
2023,"Nebraska",586109,1987864,0.294843611031741,2948.43611031741,7.98903017666837,0.8
2021,"Delaware",238246,1005062,0.23704607277959,2370.4607277959,7.77083961514984,0.76
2017,"Minnesota",101303,5569283,0.0181895946031114,181.895946031114,5.20343479847591,0.88
2019,"Wisconsin",66386,5824581,0.0113975580389388,113.975580389388,4.73598421833824,0.8
2024,"Rhode Island",294109,1112308,0.264413274021224,2644.13274021224,7.88009840402766,0.54
2021,"Maine",300847,1378931,0.218174078325892,2181.74078325892,7.68787836156282,0.5
2020,"Maryland",405778,6177935,0.065681817630001,656.81817630001,6.48740723178089,0.7
2021,"West Virginia",297480,1785618,0.166597782952457,1665.97782952457,7.41816751502994,0.08
2018,"New York",345197,19544098,0.0176624677178757,176.624677178758,5.1740270132819,0.36
2020,"Illinois",788786,12799088,0.0616282972661802,616.282972661802,6.42370622925909,0.5
2017,"Kansas",42492,2910892,0.0145975872687822,145.975872687822,4.98344135248927,0.58
2021,"South Carolina",1003093,5194274,0.193115149489611,1931.15149489611,7.56587173346617,0.3
2018,"Massachusetts",194987,6885720,0.0283175906078086,283.175906078086,5.64606828079239,0.96
2021,"North Dakota",197770,777966,0.254214194450657,2542.14194450657,7.84076228988616,0.88
2018,"Washington",147453,7526793,0.0195904152007369,195.904152007369,5.27762551925049,0.46
2019,"Oklahoma",32262,3960676,0.00814557918900713,81.4557918900713,4.40006044228134,0.1
2020,"Kentucky",237997,4508318,0.0527906416539383,527.906416539383,6.26891902659446,0.24
2021,"Montana",226607,1106522,0.204792132465509,2047.92132465509,7.62458056972574,0.36
2024,"Nebraska",587415,2005465,0.292907131263822,2929.07131263822,7.98244069362531,0.76
2017,"Alabama",41446,4877989,0.0084965341250257,84.965341250257,4.44224342334071,0.02
2018,"Missouri",121755,6125986,0.0198751678505305,198.751678505305,5.29205619880849,0.5
2019,"Hawaii",14134,1415615,0.00998435309035296,99.8435309035296,4.60360426961606,0.42
2024,"Montana",449213,1137233,0.395005245187222,3950.05245187222,8.28148413676199,0.92
2019,"Pennsylvania",140772,12798883,0.0109987723147403,109.987723147403,4.70036875181292,0.74
2020,"Maine",87812,1364571,0.0643513602443552,643.513602443552,6.46694316503119,0.64
2017,"Michigan",107476,9976752,0.0107726442433369,107.726442433369,4.67959507337159,0.12
2017,"New Hampshire",28993,1350395,0.0214700143291407,214.700143291407,5.36924237228743,0.98
2023,"District of Columbia",471440,687324,0.685906501155205,6859.06501155205,8.83332641573871,1
2018,"Delaware",22254,966985,0.0230138006277243,230.138006277243,5.43867915627116,0.86
2023,"Rhode Island",278147,1103429,0.252075122187291,2520.75122187291,7.83231223999914,0.48
2021,"Alaska",126255,734420,0.171911167996514,1719.11167996514,7.4495629712569,0.12
2017,"Delaware",19110,957942,0.019949015702412,199.49015702412,5.29576489688779,0.94
2020,"Oklahoma",197404,3965415,0.0497814226253746,497.814226253746,6.21022696777694,0.18
2019,"South Carolina",49438,5157702,0.00958527654370105,95.8527654370105,4.56281332079178,0.38
2017,"Connecticut",54790,3575324,0.0153244852774182,153.244852774182,5.03203698713436,0.66
2020,"Minnesota",413395,5710735,0.0723891057806044,723.891057806044,6.58464090841999,0.92
2024,"Maine",436768,1405012,0.310864248846273,3108.64248846273,8.04194141099333,0.84
2019,"Virginia",108341,8556642,0.0126616259041806,126.616259041806,4.84116092991414,0.88
2018,"Michigan",196670,9987286,0.0196920364551491,196.920364551491,5.28279940615525,0.48
2017,"Louisiana",39959,4673673,0.00854980654401795,85.4980654401795,4.44849374925608,0.04
2018,"New Mexico",34048,2093754,0.0162617002761547,162.617002761547,5.09139775967605,0.14
2024,"New Hampshire",564859,1409032,0.400884436975172,4008.84436975172,8.2962582916724,0.94
2019,"Massachusetts",111175,6894883,0.0161242765105659,161.242765105659,5.0829110871075,0.98
2018,"Iowa",67404,3149900,0.0213987745642719,213.987745642719,5.36591875003046,0.74
2022,"Alaska",186026,734442,0.253288891430501,2532.88891430501,7.83711579365311,0.22
2017,"Oregon",66320,4147294,0.0159911498919536,159.911498919536,5.07462053044713,0.74
2022,"Delaware",335500,1020625,0.328720146968769,3287.20146968769,8.09779186466319,0.8
2018,"Hawaii",24168,1423102,0.0169826196576212,169.826196576212,5.13477554098931,0.2
2020,"South Carolina",287094,5132249,0.0559392188492803,559.392188492803,6.32685081658885,0.28
2019,"Colorado",78963,5758486,0.0137124584482796,137.124584482796,4.9208898883833,0.94
2021,"Idaho",357397,1904848,0.187624944352515,1876.24944352515,7.53703008635877,0.24
2017,"Arizona",99736,7048088,0.0141507881286386,141.507881286386,4.95235541366921,0.52
2023,"Maine",408918,1399646,0.292158159991884,2921.58159991884,7.97988039243409,0.76
2022,"New Mexico",555943,2113868,0.26299797338339,2629.9797338339,7.87473141937554,0.3
2019,"North Carolina",106098,10501384,0.0101032397253543,101.032397253543,4.61544123029377,0.46
2019,"Louisiana",33446,4658285,0.00717989560535691,71.7989560535691,4.27386993630459,0.04
2019,"Illinois",142217,12667017,0.0112273473699451,112.273473699451,4.7209376245768,0.76
2021,"South Dakota",190054,896492,0.211997429982643,2119.97429982643,7.6591592448692,0.44
2023,"Vermont",237022,648708,0.365375484809807,3653.75484809807,8.20351064330739,0.94
2019,"New York",196169,19463131,0.0100790052741257,100.790052741257,4.61303966764532,0.44
2018,"Indiana",139339,6698481,0.0208015817317389,208.015817317389,5.3376141216052,0.66
2017,"Kentucky",52119,4455590,0.0116974407429768,116.974407429768,4.76195517095418,0.22
2018,"Kentucky",76028,4464273,0.0170303205023528,170.303205023528,5.13758040735959,0.22
2017,"Tennessee",83690,6714748,0.012463609952302,124.63609952302,4.82539828769038,0.26
2018,"Maine",27156,1340123,0.0202638116053526,202.638116053526,5.31142170863839,0.58
2018,"Oklahoma",62939,3943488,0.0159602362172777,159.602362172777,5.07268548548749,0.1
2019,"Tennessee",64297,6830325,0.00941346129210543,94.1346129210543,4.54472581021256,0.32
2020,"Kansas",199650,2938172,0.067950412705587,679.50412705587,6.52136330723849,0.78
2017,"Idaho",22521,1719745,0.0130955461420152,130.955461420152,4.87485727623259,0.38
2017,"Mississippi",22625,2990674,0.00756518430293639,75.6518430293639,4.32614180252007,0
2017,"Hawaii",20237,1425763,0.0141938035984943,141.938035984943,4.95539059606256,0.56
2020,"Montana",64805,1087230,0.0596056032302273,596.056032302273,6.39033467657631,0.46
2020,"South Dakota",52797,887948,0.0594595629473798,594.595629473798,6.38788156017337,0.44
2018,"Minnesota",156306,5608762,0.0278681819624366,278.681819624366,5.6300706995807,0.94
2018,"Colorado",153891,5697155,0.0270119033096344,270.119033096344,5.59886272516649,0.92
2017,"Virginia",132593,8471011,0.0156525590629029,156.525590629029,5.05321951500888,0.68
2017,"Arkansas",28469,3003855,0.00947748809446528,94.7748809446528,4.55150440521224,0.06
2018,"Pennsylvania",273895,12809107,0.0213828333231973,213.828333231973,5.36517351194337,0.72
2023,"Hawaii",284479,1441387,0.197364760470297,1973.64760470297,7.58763868566957,0.08
2021,"Nevada",544528,3148141,0.172968110386415,1729.68110386415,7.4556923374739,0.14
2019,"New Mexico",18828,2099634,0.00896727715401827,89.6727715401827,4.49616717270737,0.24
2017,"District of Columbia",38036,697079,0.0545648341149281,545.648341149281,6.30197470441754,1
2017,"Utah",41441,3103540,0.0133528164612024,133.528164612024,4.89431242646566,0.4
2017,"Iowa",46257,3143734,0.0147140311489458,147.140311489458,4.99138663146163,0.6
2020,"Alaska",42407,733017,0.0578526828163603,578.526828163603,6.36048492094927,0.36
2018,"North Carolina",207314,10391358,0.0199506166566487,199.506166566487,5.29584514595992,0.52
2020,"North Dakota",53383,779563,0.068478108889211,684.78108889211,6.52909920892652,0.82
2017,"Alaska",12728,740983,0.0171771822025607,171.771822025607,5.14616697994906,0.82
2018,"Connecticut",72465,3574561,0.0202724194663345,202.724194663345,5.31184640826554,0.6
2017,"Colorado",100995,5617421,0.0179788910249027,179.788910249027,5.19178344187631,0.86
2017,"Maryland",95956,6028186,0.0159178897266939,159.178897266939,5.0700287097682,0.72
2018,"New Hampshire",40831,1355064,0.0301321561195634,301.321561195634,5.70817800413229,0.98
2019,"Montana",9489,1070123,0.00886720498484754,88.6720498484754,4.48494473084745,0.22
2018,"New Jersey",178806,8891730,0.0201092475817417,201.092475817417,5.30376488094894,0.56
2020,"Mississippi",113704,2958536,0.0384325220311668,384.325220311668,5.95148912204163,0.02
2020,"Rhode Island",65102,1096530,0.0593709246441046,593.709246441046,6.38638971542021,0.42
2018,"Alaska",12106,736624,0.0164344360216338,164.344360216338,5.10196398383137,0.16
2018,"Alabama",63912,4891628,0.0130655887978399,130.655887978399,4.87256705775864,0.02
2018,"Louisiana",62108,4664450,0.0133151818542379,133.151818542379,4.89148997001406,0.04
2019,"West Virginia",12992,1795263,0.00723682268280469,72.3682268280469,4.28176734710001,0.06
2019,"Washington",82337,7614024,0.010813861369494,108.13861369494,4.68341386433165,0.68
2019,"Kentucky",38507,4472345,0.0086100244949797,86.100244949797,4.45551225637502,0.14
2020,"Arkansas",138220,3014546,0.045851017035401,458.51017035401,6.12798247324769,0.06
2017,"Missouri",82794,6111382,0.0135475085668021,135.475085668021,4.90878775380496,0.48
2020,"New Mexico",103453,2118606,0.0488306933898988,488.306933898988,6.19094417104664,0.16
2018,"Nebraska",39654,1925512,0.0205940030495785,205.940030495785,5.32758501230952,0.64
2018,"Arkansas",40840,3012161,0.0135583722118439,135.583722118439,4.90958932492617,0.06
2019,"Vermont",6835,624046,0.0109527182291049,109.527182291049,4.69617275855098,0.72
2019,"Indiana",66232,6731010,0.00983983087233565,98.3983087233565,4.58902361613973,0.4
2019,"Idaho",15220,1789060,0.00850726079617229,85.0726079617229,4.44350510317385,0.12
2018,"Idaho",29278,1752074,0.0167104814066073,167.104814066073,5.11862124467812,0.18
2017,"Washington",105112,7427951,0.0141508741778184,141.508741778184,4.95236149452615,0.54
2019,"Maryland",76320,6054954,0.0126045548818373,126.045548818373,4.83664334018513,0.86
2018,"Nevada",53273,3030725,0.0175776423133079,175.776423133079,5.16921286438628,0.3
2019,"New Jersey",92344,8891258,0.0103859318895032,103.859318895032,4.64303728048047,0.58
2017,"South Carolina",60321,5027102,0.0119991597544669,119.991597544669,4.78742171986941,0.24
2017,"Indiana",89528,6662068,0.013438469856507,134.38469856507,4.90070657164538,0.44
2020,"District of Columbia",123708,670917,0.184386444224845,1843.86444224845,7.51961888853388,1
2020,"Nevada",144492,3116967,0.0463566024279372,463.566024279372,6.13894882206595,0.12
2019,"Minnesota",74554,5640053,0.0132186701082419,132.186701082419,4.88421532540139,0.9
2019,"Alabama",36112,4907965,0.0073578356813873,73.578356813873,4.29835091746033,0.08
2018,"Rhode Island",21273,1059338,0.0200814093329985,200.814093329985,5.30237957126096,0.54
2019,"Rhode Island",10787,1058158,0.0101941297991415,101.941297991415,4.6243971377268,0.5
2017,"Nebraska",28712,1916998,0.0149775847444807,149.775847444807,5.00913982607321,0.62
2019,"New Hampshire",19864,1360783,0.0145974780696114,145.974780696114,4.98343387182981,0.96
2019,"Kansas",30401,2912635,0.0104376277837765,104.376277837765,4.64800242585311,0.6
2018,"South Dakota",15406,879386,0.0175190416950008,175.190416950008,5.16587347923239,0.28
2017,"Montana",17460,1053862,0.0165676340925093,165.676340925093,5.11003613164966,0.78
2019,"Oregon",43171,4216116,0.0102395190265163,102.395190265163,4.62883974143552,0.52
2017,"West Virginia",20998,1818683,0.0115457174229924,115.457174229924,4.74889967531566,0.18
2018,"Wyoming",10900,579054,0.0188238057245093,188.238057245093,5.23770742373842,0.4
2018,"Mississippi",33730,2982879,0.0113078673321982,113.078673321982,4.72808380054912,0
2017,"Oklahoma",40055,3933602,0.0101827790406859,101.827790406859,4.62328305710556,0.1
2019,"Nebraska",20648,1932571,0.0106842128956711,106.842128956711,4.67135231463169,0.66
2019,"Utah",34660,3203383,0.0108198114306032,108.198114306032,4.68396393840499,0.7
2019,"Michigan",89597,9984795,0.00897334396950563,89.7334396950563,4.49684349441071,0.26
2019,"Maine",13635,1345770,0.0101317461378988,101.317461378988,4.61825876934176,0.48
2017,"North Dakota",15665,756755,0.0207002266255261,207.002266255261,5.33272974129849,0.96
2019,"South Dakota",9280,887127,0.0104607344833378,104.607344833378,4.65021376745796,0.62
2018,"West Virginia",24618,1805953,0.0136315839891736,136.315839891736,4.91497454538923,0.08
2020,"Hawaii",49539,1451252,0.0341353534741037,341.353534741037,5.83291869899168,0
2017,"New Mexico",32808,2092844,0.0156762759192754,156.762759192754,5.05473357455924,0.7
2019,"Wyoming",5994,580116,0.0103324162753656,103.324162753656,4.63787125732752,0.56
2019,"Delaware",11807,976668,0.0120890619944546,120.890619944546,4.79488616937137,0.84
2019,"District of Columbia",26816,708253,0.0378621763691788,378.621763691788,5.93653772178175,1
2017,"Vermont",12379,625132,0.0198022177716066,198.022177716066,5.28837903308903,0.92
2017,"Maine",22642,1335743,0.0169508655482379,169.508655482379,5.13290399030954,0.8
2018,"Vermont",13604,624802,0.0217732977807369,217.732977807369,5.38326943957645,0.76
2017,"South Dakota",13098,873732,0.0149908667646372,149.908667646372,5.01002622629459,0.64
2019,"Connecticut",40772,3566022,0.011433468441866,114.33468441866,4.73912997550084,0.82
2017,"Rhode Island",17306,1056554,0.0163796644563364,163.796644563364,5.098625686248,0.76
2018,"North Dakota",17660,760062,0.0232349466227755,232.349466227755,5.44824255825163,0.88
2019,"Alaska",6335,733603,0.0086354608691622,86.354608691622,4.45846217539336,0.16
2017,"Wyoming",10132,579994,0.0174691462325472,174.691462325472,5.16302134545624,0.84
